antecedents,consequents,antecedent support,consequent support,support,confidence,lift,representativity,leverage,conviction,zhangs_metric,jaccard,certainty,kulczynski
frozenset({'SET/6 RED SPOTTY PAPER PLATES'}),frozenset({'SET/6 RED SPOTTY PAPER CUPS'}),0.10845986984815618,0.11713665943600868,0.10412147505422993,0.96,8.195555555555556,1.0,0.09141684821735263,22.071583514099764,0.9847931873479318,0.8571428571428572,0.9546928746928747,0.9244444444444444
frozenset({'SET/6 RED SPOTTY PAPER CUPS'}),frozenset({'SET/6 RED SPOTTY PAPER PLATES'}),0.11713665943600868,0.10845986984815618,0.10412147505422993,0.8888888888888888,8.195555555555554,1.0,0.09141684821735263,8.02386117136659,0.9944717444717445,0.8571428571428572,0.8753717220870505,0.9244444444444444
"frozenset({'SET/6 RED SPOTTY PAPER PLATES', 'POSTAGE'})",frozenset({'SET/6 RED SPOTTY PAPER CUPS'}),0.0911062906724512,0.11713665943600868,0.08676789587852494,0.9523809523809523,8.130511463844798,1.0,0.07609600933554801,18.540130151843798,0.9649164677804296,0.7142857142857142,0.946062946062946,0.8465608465608465
"frozenset({'SET/6 RED SPOTTY PAPER CUPS', 'POSTAGE'})",frozenset({'SET/6 RED SPOTTY PAPER PLATES'}),0.09978308026030369,0.10845986984815618,0.08676789587852494,0.8695652173913043,8.017391304347825,1.0,0.07594543598044429,6.835140997830802,0.9722891566265061,0.7142857142857142,0.853697238971755,0.8347826086956521
"frozenset({'SET/20 RED RETROSPOT PAPER NAPKINS', 'SET/6 RED SPOTTY PAPER PLATES'})",frozenset({'SET/6 RED SPOTTY PAPER CUPS'}),0.08676789587852494,0.11713665943600868,0.08459869848156182,0.975,8.323611111111111,1.0,0.07443499701205998,35.31453362255962,0.9634569705828614,0.7090909090909091,0.9716830466830466,0.8486111111111111
"frozenset({'SET/20 RED RETROSPOT PAPER NAPKINS', 'SET/6 RED SPOTTY PAPER CUPS'})",frozenset({'SET/6 RED SPOTTY PAPER PLATES'}),0.08676789587852494,0.10845986984815618,0.08459869848156182,0.975,8.9895,1.0,0.07518786378757863,35.66160520607372,0.9732017784274317,0.7647058823529411,0.9719586374695863,0.8775
"frozenset({'SET/6 RED SPOTTY PAPER PLATES', 'SET/6 RED SPOTTY PAPER CUPS'})",frozenset({'SET/20 RED RETROSPOT PAPER NAPKINS'}),0.10412147505422993,0.11279826464208242,0.08459869848156182,0.8125,7.203125,1.0,0.0728539767834708,4.73174258857556,0.9612590799031477,0.639344262295082,0.788661369193154,0.78125
